[
{"_id":{"$oid":"6704cc613e7be3320017e4b4"},"idCliente":"a7c8be92-219a-4d94-800b-678f855fafd7","Nombre":"Ana","Apellido":"Lopez","FechaNacimiento":"1985-05-05","Correo":"ana@gmail.com","idTipoDocumento":"a52c2162-5e9a-4fd7-b345-a9cbdde9f949","TipoDocumentoDescripcion":"Pasaporte","idTipoEstadoCivil":"dc92d1a4-dcb1-49ff-b61e-4039a968cf7b","TipoEstadoCivilDescripcion":"Casado","idTipoGenero":"0175fd7a-1d83-4230-adf9-f0c1c12c5509","TipoGeneroDescripcion":"Femenino"},
{"_id":{"$oid":"6704cc613e7be3320017e4b3"},"idCliente":"ffb6e88f-7a98-46d3-bafb-c89ccaf5eeb1","Nombre":"Pedro","Apellido":"García","FechaNacimiento":"1990-01-01","Correo":"pedro@gmail.com","idTipoDocumento":"3d23128b-6ef7-4de6-aaa0-8de205a1fc86","TipoDocumentoDescripcion":"Cédula","idTipoEstadoCivil":"56d06b9e-59d9-4029-b5ad-4ae29f998a59","TipoEstadoCivilDescripcion":"Soltero","idTipoGenero":"870ba8a6-247a-48a1-a1cf-684dab6f0d95","TipoGeneroDescripcion":"Masculino"},
{"_id":{"$oid":"6704cc613e7be3320017e4b5"},"idCliente":"c748d7b9-dc98-4adb-abdf-a89b35a6df52","Nombre":"Jorge","Apellido":"Martinez","FechaNacimiento":"1975-07-07","Correo":"jorge@gmail.com","idTipoDocumento":"a3bf5380-9cca-4468-81b4-a57d9a88c34c","TipoDocumentoDescripcion":"Licencia de Conducir","idTipoEstadoCivil":"64d39442-7b88-4ec4-9b02-253077f0739c","TipoEstadoCivilDescripcion":"Divorciado","idTipoGenero":"870ba8a6-247a-48a1-a1cf-684dab6f0d95","TipoGeneroDescripcion":"Masculino"}
]